rank,movie,num_theaters,tot_gross,release_date,distrib,release_qtr,release_month,release_year,period,rpt,LN_RPT,RPT,QTR,Distrib,Period
44,10 Cloverfield Lane,3427,72082998,2016-03-11,Paramount Pictures,1,3,2016,prepan,21033.848263787568,9.953888241199602,0.02,1,P,Pre-Pandemic
67,12 Strong,3018,45819713,2018-01-19,Warner Bros.,1,1,2018,prepan,15182.14479787939,9.627875332001882,0.02,1,W,Pre-Pandemic
62,13 Hours,2917,52853219,2016-01-15,Paramount Pictures,1,1,2016,prepan,18119.03291052451,9.80471820678881,0.02,1,P,Pre-Pandemic
31,28 Years Later,3444,70446897,2025-06-20,Sony Pictures Releasing,2,6,2025,postpan,20454.964285714286,9.925980884369029,0.02,2,S,Post-Pandemic
63,65,3405,32062904,2023-03-10,Sony Pictures Releasing,1,3,2023,postpan,9416.418208516887,9.15021006262213,0.01,1,S,Post-Pandemic
57,80 for Brady,3939,39448525,2023-02-03,Paramount Pictures,1,2,2023,postpan,10014.857831937039,9.211825052486136,0.01,1,P,Post-Pandemic
49,A Beautiful Day in the Neighborhood,3491,61704055,2019-11-22,Sony Pictures Releasing,4,11,2019,prepan,17675.180464050416,9.7799167008428,0.02,4,S,Pre-Pandemic
96,A Dog's Journey,3279,22782371,2019-05-17,Universal Pictures,2,5,2019,prepan,6947.963098505642,8.846203816250986,0.01,2,U,Pre-Pandemic
45,A Dog's Purpose,3178,64508620,2017-01-27,Universal Pictures,1,1,2017,prepan,20298.495909376965,9.918302069150707,0.02,1,U,Pre-Pandemic
65,A Dog's Way Home,3090,42004346,2019-01-11,Sony Pictures Releasing,1,1,2019,prepan,13593.639482200648,9.517357277193035,0.01,1,S,Pre-Pandemic
39,A Madea Family Funeral,2442,73257045,2019-03-01,Lionsgate,1,3,2019,prepan,29998.789926289926,10.308912324040447,0.03,1,L,Pre-Pandemic
1,A Minecraft Movie,4289,424087780,2025-04-04,Warner Bros.,2,4,2025,postpan,98878.0088598741,11.501642135553837,0.1,2,W,Post-Pandemic
15,A Quiet Place,3808,188024361,2018-04-06,Paramount Pictures,2,4,2018,prepan,49376.14522058824,10.807222696275465,0.05,2,P,Pre-Pandemic
18,A Quiet Place: Day One,3708,139051884,2024-06-28,Paramount Pictures,2,6,2024,postpan,37500.50809061489,10.532109760949778,0.04,2,P,Post-Pandemic
56,A Simple Favor,3102,53548586,2018-09-14,Lionsgate,3,9,2018,prepan,17262.60025789813,9.756297605544166,0.02,3,L,Pre-Pandemic
12,A Star Is Born,3904,215288866,2018-10-05,Warner Bros.,4,10,2018,prepan,55145.71362704918,10.9177342995768,0.06,4,W,Pre-Pandemic
34,A Wrinkle in Time,3980,100478608,2018-03-09,Walt Disney Studios Motion Pictures,1,3,2018,prepan,25245.881407035176,10.136418308806533,0.03,1,D,Pre-Pandemic
58,Abigail,3393,25867515,2024-04-19,Universal Pictures,2,4,2024,postpan,7623.788682581786,8.93902872755507,0.01,2,U,Post-Pandemic
46,Abominable,4248,60716390,2019-09-27,Universal Pictures,3,9,2019,prepan,14292.93549905838,9.56752067313453,0.01,3,U,Pre-Pandemic
94,About My Father,2464,12089391,2023-05-26,Lionsgate,2,5,2023,postpan,4906.408685064935,8.498297524460407,0,2,L,Post-Pandemic
71,Acrimony,2006,43549096,2018-03-30,Lionsgate,1,3,2018,prepan,21709.419740777666,9.985501534775747,0.02,1,L,Pre-Pandemic
8,Aladdin,4476,355559216,2019-05-24,Walt Disney Studios Motion Pictures,2,5,2019,prepan,79436.82216264521,11.282717294931064,0.08,2,D,Pre-Pandemic
39,Alice Through the Looking Glass,3763,77041381,2016-05-27,Walt Disney Studios Motion Pictures,2,5,2016,prepan,20473.393834706352,9.926881460452899,0.02,2,D,Pre-Pandemic
62,All Eyez on Me,2471,44922302,2017-06-16,Lionsgate,2,6,2017,prepan,18179.806556050182,9.808066727193571,0.02,2,L,Pre-Pandemic
74,Allied,3160,40098064,2016-11-23,Paramount Pictures,4,11,2016,prepan,12689.26075949367,9.448511305228612,0.01,4,P,Pre-Pandemic
71,Almost Christmas,2379,42158780,2016-11-11,Universal Pictures,4,11,2016,prepan,17721.218999579654,9.782518014094325,0.02,4,U,Pre-Pandemic
49,Ambulance,3412,22781115,2022-04-08,Universal Pictures,2,4,2022,postpan,6676.7628956623685,8.806388552618152,0.01,2,U,Post-Pandemic
73,American Assassin,3154,36249674,2017-09-15,Lionsgate,3,9,2017,prepan,11493.238427393786,9.349514178598088,0.01,3,L,Pre-Pandemic
53,American Made,3098,51342000,2017-09-29,Universal Pictures,3,9,2017,prepan,16572.627501613944,9.715507667651433,0.02,3,U,Pre-Pandemic
61,American Underdog,2813,26514814,2022-12-25,Lionsgate,4,12,2022,postpan,9425.813722004978,9.151207345141678,0.01,4,L,Post-Pandemic
63,Anaconda,3509,65098148,2025-12-25,Sony Pictures Releasing,4,12,2025,postpan,18551.766315189514,9.828320282650209,0.02,4,S,Post-Pandemic
41,Angel Has Fallen,3336,69030436,2019-08-23,Lionsgate,3,8,2019,prepan,20692.576738609114,9.937530303275526,0.02,3,L,Pre-Pandemic
37,Annabelle Comes Home,3613,74152591,2019-06-26,Warner Bros.,2,6,2019,prepan,20523.828120675338,9.929341837473842,0.02,2,W,Pre-Pandemic
32,Annabelle: Creation,3565,102092201,2017-08-11,Warner Bros.,3,8,2017,prepan,28637.36353436185,10.262467561472766,0.03,3,W,Pre-Pandemic
87,Annihilation,2112,32732301,2018-02-23,Paramount Pictures,1,2,2018,prepan,15498.248579545454,9.648482301654902,0.02,1,P,Pre-Pandemic
9,Ant-Man and the Wasp,4206,216648740,2018-07-06,Walt Disney Studios Motion Pictures,3,7,2018,prepan,51509.44840703756,10.849520534038648,0.05,3,D,Pre-Pandemic
8,Ant-Man and the Wasp: Quantumania,4345,214504909,2023-02-17,Walt Disney Studios Motion Pictures,1,2,2023,postpan,49368.21841196778,10.807062144151864,0.05,1,D,Post-Pandemic
13,Aquaman,4184,335061807,2018-12-21,Warner Bros.,4,12,2018,prepan,80081.69383365201,11.290802565534287,0.08,4,W,Pre-Pandemic
33,Aquaman and the Lost Kingdom,3787,124481226,2023-12-22,Warner Bros.,4,12,2023,postpan,32870.669659360974,10.400336039415782,0.03,4,W,Post-Pandemic
72,"Are You There God? It's Me, Margaret.",3343,20372406,2023-04-28,Lionsgate,2,4,2023,postpan,6094.049057732575,8.715068009682692,0.01,2,L,Post-Pandemic
42,Argylle,3647,45207275,2024-02-02,Universal Pictures,1,2,2024,postpan,12395.743076501234,9.425108392369937,0.01,1,U,Post-Pandemic
31,Arrival,3115,100546139,2016-11-11,Paramount Pictures,4,11,2016,prepan,32278.054253611557,10.382142843417565,0.03,4,P,Pre-Pandemic
60,Arthur the King,3003,25049006,2024-03-15,Lionsgate,1,3,2024,postpan,8341.32733932734,9.028977636085799,0.01,1,L,Post-Pandemic
1,Avengers: Endgame,4662,858373000,2019-04-26,Walt Disney Studios Motion Pictures,2,4,2019,prepan,184121.19262119263,12.123349475322716,0.18,2,D,Pre-Pandemic
2,Avengers: Infinity War,4474,678815482,2018-04-27,Walt Disney Studios Motion Pictures,2,4,2018,prepan,151724.51542244077,11.929821756910462,0.15,2,D,Pre-Pandemic
82,Babylon,3351,15658225,2022-12-23,Paramount Pictures,4,12,2022,postpan,4672.702178454193,8.44949280826074,0,4,P,Post-Pandemic
11,Bad Boys: Ride or Die,3885,193573217,2024-06-07,Sony Pictures Releasing,2,6,2024,postpan,49825.795881595885,10.816288118492725,0.05,2,S,Post-Pandemic
36,Ballerina,3409,58051327,2025-06-06,Lionsgate,2,6,2025,postpan,17028.84335582282,9.742663853312784,0.02,2,L,Post-Pandemic
61,Barbershop: The Next Cut,2676,54030051,2016-04-15,Warner Bros.,2,4,2016,prepan,20190.60201793722,9.912972528491728,0.02,2,W,Pre-Pandemic
1,Barbie,4337,636238421,2023-07-21,Warner Bros.,3,7,2023,postpan,146700.12012912153,11.896145783006823,0.15,3,W,Post-Pandemic
8,Batman v Superman: Dawn of Justice,4256,330360194,2016-03-25,Warner Bros.,1,3,2016,prepan,77622.22603383458,11.259609083123301,0.08,1,W,Pre-Pandemic
48,Baywatch,3647,58060186,2017-05-25,Paramount Pictures,2,5,2017,prepan,15919.985193309569,9.675330529329447,0.02,2,P,Pre-Pandemic
46,Beast,3754,31846530,2022-08-19,Universal Pictures,3,8,2022,postpan,8483.359083644113,9.045861768706045,0.01,3,U,Post-Pandemic
2,Beauty and the Beast,4210,504014165,2017-03-17,Walt Disney Studios Motion Pictures,1,3,2017,prepan,119718.32897862233,11.692897004123003,0.12,1,D,Pre-Pandemic
6,Beetlejuice Beetlejuice,4575,294100435,2024-09-06,Warner Bros.,3,9,2024,postpan,64284.2480874317,11.071069904902254,0.06,3,W,Post-Pandemic
99,Ben-Hur,3084,26410477,2016-08-19,Paramount Pictures,3,8,2016,prepan,8563.708495460442,9.055288610767393,0.01,3,P,Pre-Pandemic
11,Black Adam,4402,168152111,2022-10-21,Warner Bros.,4,10,2022,postpan,38199.02567014993,10.550565288252365,0.04,4,W,Post-Pandemic
1,Black Panther,4084,700059566,2018-02-16,Walt Disney Studios Motion Pictures,1,2,2018,prepan,171415.17286973554,12.051843804388524,0.17,1,D,Pre-Pandemic
2,Black Panther: Wakanda Forever,4396,453829060,2022-11-11,Walt Disney Studios Motion Pictures,4,11,2022,postpan,103236.81983621474,11.544780849756934,0.1,4,D,Post-Pandemic
27,Black Phone 2,3460,77378880,2025-10-17,Universal Pictures,4,10,2025,postpan,22363.83815028902,10.015200565055826,0.02,4,U,Post-Pandemic
37,Blade Runner 2049,4058,92054159,2017-10-06,Warner Bros.,4,10,2017,prepan,22684.612863479546,10.02944212620325,0.02,4,W,Pre-Pandemic
50,Blockers,3418,60311495,2018-04-06,Universal Pictures,2,4,2018,prepan,17645.258923346988,9.778222410036674,0.02,2,U,Pre-Pandemic
34,Blue Beetle,3871,72488072,2023-08-18,Warner Bros.,3,8,2023,postpan,18725.929217256522,9.837664431573744,0.02,3,W,Post-Pandemic
23,Bob Marley: One Love,3597,96981216,2024-02-14,Paramount Pictures,1,2,2024,postpan,26961.694745621353,10.202172424535014,0.03,1,P,Post-Pandemic
56,Boo 2! A Madea Halloween,2388,47319572,2017-10-20,Lionsgate,4,10,2017,prepan,19815.566164154105,9.89422307771971,0.02,4,L,Pre-Pandemic
42,Boo! A Madea Halloween,2299,73206343,2016-10-21,Lionsgate,4,10,2016,prepan,31842.689430187038,10.368563103419667,0.03,4,L,Pre-Pandemic
44,Book Club,3169,68566296,2018-05-18,Paramount Pictures,2,5,2018,prepan,21636.571789207952,9.982140300318576,0.02,2,P,Pre-Pandemic
81,Borderlands,3125,15482668,2024-08-09,Lionsgate,3,8,2024,postpan,4954.45376,8.508042200525741,0,3,L,Post-Pandemic
86,Brahmastra Part One: Shiva,810,7839108,2022-09-09,Walt Disney Studios Motion Pictures,3,9,2022,postpan,9677.91111111111,9.177601362676977,0.01,3,D,Post-Pandemic
65,Breaking In,2537,46840590,2018-05-11,Universal Pictures,2,5,2018,prepan,18462.983839180135,9.823523133086912,0.02,2,U,Pre-Pandemic
69,Bros,3356,11628165,2022-09-30,Universal Pictures,3,9,2022,postpan,3464.8882598331347,8.150435662859612,0,3,U,Post-Pandemic
18,Bullet Train,4357,103368602,2022-08-05,Sony Pictures Releasing,3,8,2022,postpan,23724.719302272206,10.074272792102436,0.02,3,S,Post-Pandemic
41,Bumblebee,3597,127195589,2018-12-21,Paramount Pictures,4,12,2018,prepan,35361.57603558521,10.473381086900432,0.04,4,P,Pre-Pandemic
11,Captain America: Brave New World,4105,200500001,2025-02-14,Walt Disney Studios Motion Pictures,1,2,2025,postpan,48842.874786845314,10.7963637878119,0.05,1,D,Post-Pandemic
3,Captain America: Civil War,4226,408084349,2016-05-06,Walt Disney Studios Motion Pictures,2,5,2016,prepan,96565.15593942262,11.47797325057023,0.1,2,D,Pre-Pandemic
5,Captain Marvel,4310,426829839,2019-03-08,Walt Disney Studios Motion Pictures,1,3,2019,prepan,99032.44524361948,11.5032028051586,0.1,1,D,Pre-Pandemic
21,Cars 3,4256,152901115,2017-06-16,Walt Disney Studios Motion Pictures,2,6,2017,prepan,35926.013862781954,10.489216932199161,0.04,2,D,Pre-Pandemic
88,Caught Stealing,3578,19005242,2025-08-29,Sony Pictures Releasing,3,8,2025,postpan,5311.694242593628,8.577666129746937,0.01,3,S,Post-Pandemic
22,Central Intelligence,3508,127440871,2016-06-17,Warner Bros.,2,6,2016,prepan,36328.640535917904,10.500361704639465,0.04,2,W,Pre-Pandemic
49,Chainsaw Man - The Movie: Reze Arc,3003,43438461,2025-10-24,Sony Pictures Releasing,4,10,2025,postpan,14465.021978021978,9.579488736802235,0.01,4,S,Post-Pandemic
36,Christopher Robin,3602,99215042,2018-08-03,Walt Disney Studios Motion Pictures,3,8,2018,prepan,27544.431426985007,10.223555668088585,0.03,3,D,Pre-Pandemic
40,Cocaine Bear,3571,64670240,2023-02-24,Universal Pictures,1,2,2023,postpan,18109.8403808457,9.80421073697035,0.02,1,U,Post-Pandemic
13,Coco,3987,210460015,2017-11-22,Walt Disney Studios Motion Pictures,4,11,2017,prepan,52786.56007022824,10.874011893168033,0.05,4,D,Pre-Pandemic
77,Cold Pursuit,2630,32138862,2019-02-08,Lionsgate,1,2,2019,prepan,12220.099619771863,9.41083738488318,0.01,1,L,Pre-Pandemic
80,Companion,3285,20869122,2025-01-31,Warner Bros.,1,1,2025,postpan,6352.85296803653,8.756659277292831,0.01,1,W,Post-Pandemic
71,Crawl,3170,39014193,2019-07-12,Paramount Pictures,3,7,2019,prepan,12307.31640378549,9.417949194095575,0.01,3,P,Pre-Pandemic
17,Crazy Rich Asians,3865,174532921,2018-08-15,Warner Bros.,3,8,2018,prepan,45157.28874514877,10.717906979817146,0.05,3,W,Pre-Pandemic
21,DC League of Super-Pets,4332,93657117,2022-07-29,Warner Bros.,3,7,2022,postpan,21619.833102493074,9.981366371574738,0.02,3,W,Post-Pandemic
36,Daddy's Home,3483,150357137,2016-12-25,Paramount Pictures,4,12,2016,prepan,43168.859316681024,10.672874665144626,0.04,4,P,Pre-Pandemic
33,Daddy's Home 2,3575,104029443,2017-11-10,Paramount Pictures,4,11,2017,prepan,29099.144895104895,10.278464067679893,0.03,4,P,Pre-Pandemic
2,Deadpool & Wolverine,4330,636745858,2024-07-26,Walt Disney Studios Motion Pictures,3,7,2024,postpan,147054.47066974596,11.898558345898413,0.15,3,D,Post-Pandemic
53,Deepwater Horizon,3403,61433527,2016-09-30,Lionsgate,3,9,2016,prepan,18052.755509844254,9.801053611934869,0.02,3,L,Pre-Pandemic
76,Demon Slayer: Kimetsu No Yaiba - To the Hashira Training,1949,17657658,2024-02-23,Sony Pictures Releasing,1,2,2024,postpan,9059.855310415598,9.111608428756696,0.01,1,S,Post-Pandemic
18,Demon Slayer: Kimetsu No Yaiba Infinity Castle,3342,136950340,2025-09-12,Sony Pictures Releasing,3,9,2025,postpan,40978.55774985039,10.620804227172846,0.04,3,S,Post-Pandemic
57,Den of Thieves: Pantera,3008,36015016,2025-01-10,Lionsgate,1,1,2025,postpan,11973.077127659575,9.390415835495107,0.01,1,L,Post-Pandemic
8,Despicable Me 3,4535,264624300,2017-06-30,Universal Pictures,2,6,2017,prepan,58351.5545755237,10.974241279613851,0.06,2,U,Pre-Pandemic
5,Despicable Me 4,4449,361004205,2024-07-03,Universal Pictures,3,7,2024,postpan,81142.77478084964,11.30396553362272,0.08,3,U,Post-Pandemic
81,Dirty Grandpa,2912,35593113,2016-01-22,Lionsgate,1,1,2016,prepan,12222.909684065935,9.411067312734659,0.01,1,L,Pre-Pandemic
78,Doctor Sleep,3855,31581712,2019-11-08,Warner Bros.,4,11,2019,prepan,8192.402594033723,9.010962490851231,0.01,4,W,Pre-Pandemic
11,Doctor Strange,3882,232641920,2016-11-04,Walt Disney Studios Motion Pictures,4,11,2016,prepan,59928.36682122617,11.000905241641327,0.06,4,D,Pre-Pandemic
3,Doctor Strange in the Multiverse of Madness,4534,411331607,2022-05-06,Walt Disney Studios Motion Pictures,2,5,2022,postpan,90721.571901191,11.415550445764632,0.09,2,D,Post-Pandemic
21,Dog Man,3887,97970355,2025-01-31,Universal Pictures,1,1,2025,postpan,25204.61924363262,10.13478256002027,0.03,1,U,Post-Pandemic
37,Don't Worry Darling,4121,45309403,2022-09-23,Warner Bros.,3,9,2022,postpan,10994.759281727736,9.30517400931834,0.01,3,W,Post-Pandemic
47,Dora and the Lost City of Gold,3735,60477943,2019-08-09,Paramount Pictures,3,8,2019,prepan,16192.220348058901,9.692286180446851,0.02,3,P,Pre-Pandemic
92,Drop,3089,16600805,2025-04-11,Universal Pictures,2,4,2025,postpan,5374.1680155390095,8.589359053208298,0.01,2,U,Post-Pandemic
89,Dumb Money,2837,13925356,2023-09-15,Sony Pictures Releasing,3,9,2023,postpan,4908.479379626366,8.498719474171601,0,3,S,Post-Pandemic
22,Dumbo,4259,114766307,2019-03-29,Walt Disney Studios Motion Pictures,1,3,2019,prepan,26946.773186193943,10.201618835817658,0.03,1,D,Pre-Pandemic
7,Dune: Part Two,4074,282144358,2024-03-01,Warner Bros.,1,3,2024,postpan,69254.87432498773,11.145548808936955,0.07,1,W,Post-Pandemic
27,Dungeons & Dragons: Honor Among Thieves,3856,93549650,2023-03-31,Paramount Pictures,1,3,2023,postpan,24260.801348547717,10.096617213632133,0.02,1,P,Post-Pandemic
12,Dunkirk,4014,188045546,2017-07-21,Warner Bros.,3,7,2017,prepan,46847.42052815147,10.754651228053728,0.05,3,W,Pre-Pandemic
64,Easter Sunday,3176,13013690,2022-08-05,Universal Pictures,3,8,2022,postpan,4097.509445843829,8.318134615885329,0,3,U,Post-Pandemic
17,Elemental,4035,154426697,2023-06-16,Walt Disney Studios Motion Pictures,2,6,2023,postpan,38271.79603469641,10.552468507935119,0.04,2,D,Post-Pandemic
29,Elio,3750,72987454,2025-06-20,Walt Disney Studios Motion Pictures,2,6,2025,postpan,19463.321066666667,9.87628700236437,0.02,2,D,Post-Pandemic
12,Elvis,3932,151040048,2022-06-24,Warner Bros.,2,6,2022,postpan,38413.03357070193,10.556152096890967,0.04,2,W,Post-Pandemic
48,Escape Room,2717,57005601,2019-01-04,Sony Pictures Releasing,1,1,2019,prepan,20981.082443871917,9.951376474702863,0.02,1,S,Pre-Pandemic
75,"Everything, Everything",2801,34121140,2017-05-19,Warner Bros.,2,5,2017,prepan,12181.770796144234,9.407695916258355,0.01,2,W,Pre-Pandemic
37,Evil Dead Rise,3417,67233054,2023-04-21,Warner Bros.,2,4,2023,postpan,19676.04741000878,9.887157307447232,0.02,2,W,Post-Pandemic
14,F1: The Movie,3732,189642436,2025-06-27,Warner Bros.,2,6,2025,postpan,50815.2293676313,10.835951379339724,0.05,2,W,Post-Pandemic
89,Fall,1548,7240521,2022-08-12,Lionsgate,3,8,2022,postpan,4677.339147286822,8.450484668949102,0,3,L,Post-Pandemic
12,Fantastic Beasts and Where to Find Them,4144,234037575,2016-11-18,Warner Bros.,4,11,2016,prepan,56476.248793436294,10.94157545341464,0.06,4,W,Pre-Pandemic
20,Fantastic Beasts: The Crimes of Grindelwald,4163,159555901,2018-11-16,Warner Bros.,4,11,2018,prepan,38327.14412683161,10.553913648080687,0.04,4,W,Pre-Pandemic
20,Fantastic Beasts: The Secrets of Dumbledore,4245,95850844,2022-04-15,Warner Bros.,2,4,2022,postpan,22579.704122497056,10.024806734096856,0.02,2,W,Post-Pandemic
13,Fast & Furious Presents: Hobbs & Shaw,4344,173956935,2019-08-02,Universal Pictures,3,8,2019,prepan,40045.33494475138,10.597767464931852,0.04,3,U,Pre-Pandemic
18,Fast X,4088,146126015,2023-05-19,Universal Pictures,2,5,2023,postpan,35745.11130136986,10.484168791956627,0.04,2,U,Post-Pandemic
52,Father Stu,2705,20884796,2022-04-13,Sony Pictures Releasing,2,4,2022,postpan,7720.811829944547,8.95167479680921,0.01,2,S,Post-Pandemic
82,Fences,2368,57682904,2017-12-16,Paramount Pictures,4,12,2017,prepan,24359.33445945946,10.100670400410355,0.02,4,P,Pre-Pandemic
30,Fifty Shades Darker,3714,114581250,2017-02-10,Universal Pictures,1,2,2017,prepan,30851.17124394184,10.33692999438082,0.03,1,U,Pre-Pandemic
35,Fifty Shades Freed,3768,100407760,2018-02-09,Universal Pictures,1,2,2018,prepan,26647.494692144373,10.19045041737552,0.03,1,U,Pre-Pandemic
17,Final Destination: Bloodlines,3523,138254739,2025-05-16,Warner Bros.,2,5,2025,postpan,39243.46835083736,10.577540297919,0.04,2,W,Post-Pandemic
1,Finding Dory,4305,486295561,2016-06-17,Walt Disney Studios Motion Pictures,2,6,2016,prepan,112960.64134727062,11.634794730360301,0.11,2,D,Pre-Pandemic
75,Firestarter,3413,9739250,2022-05-13,Universal Pictures,2,5,2022,postpan,2853.5745678288895,7.956327721693812,0,2,U,Post-Pandemic
69,First Man,3640,44936545,2018-10-12,Universal Pictures,4,10,2018,prepan,12345.204670329671,9.421022980850406,0.01,4,U,Pre-Pandemic
79,Fist Fight,3185,32187017,2017-02-17,Warner Bros.,1,2,2017,prepan,10105.813814756671,9.220866162444134,0.01,1,W,Pre-Pandemic
60,Five Feet Apart,2866,45729221,2019-03-15,Lionsgate,1,3,2019,prepan,15955.764480111653,9.677575452331729,0.02,1,L,Pre-Pandemic
19,Five Nights at Freddy's,3789,137275620,2023-10-27,Universal Pictures,4,10,2023,postpan,36230.03958828187,10.497643876581925,0.04,4,U,Post-Pandemic
20,Five Nights at Freddy's 2,3579,127730290,2025-12-05,Universal Pictures,4,12,2025,postpan,35688.820899692655,10.482592778664511,0.04,4,U,Post-Pandemic
66,Flight Risk,3161,29783527,2025-01-24,Lionsgate,1,1,2025,postpan,9422.18506801645,9.150822301183029,0.01,1,L,Post-Pandemic
95,Florence Foster Jenkins,1528,27383770,2016-08-12,Paramount Pictures,3,8,2016,prepan,17921.31544502618,9.793746090365273,0.02,3,P,Pre-Pandemic
22,Freakier Friday,3975,94186236,2025-08-08,Walt Disney Studios Motion Pictures,3,8,2025,postpan,23694.650566037737,10.073004587132692,0.02,3,D,Post-Pandemic
4,Frozen II,4440,477373578,2019-11-22,Walt Disney Studios Motion Pictures,4,11,2019,prepan,107516.57162162162,11.585400269288987,0.11,4,D,Pre-Pandemic
33,Furiosa: A Mad Max Saga,3864,67475791,2024-05-24,Warner Bros.,2,5,2024,postpan,17462.678830227742,9.767821244327541,0.02,2,W,Post-Pandemic
62,Gabby's Dollhouse: The Movie,3507,32011820,2025-09-26,Universal Pictures,3,9,2025,postpan,9127.978329056174,9.119099517421672,0.01,3,U,Post-Pandemic
43,Game Night,3502,69179066,2018-02-23,Warner Bros.,1,2,2018,prepan,19754.159337521418,9.891119347524507,0.02,1,W,Pre-Pandemic
58,Gemini Man,3642,48546770,2019-10-11,Paramount Pictures,4,10,2019,prepan,13329.700713893466,9.497749960849696,0.01,4,P,Pre-Pandemic
77,Geostorm,3246,33700160,2017-10-20,Warner Bros.,4,10,2017,prepan,10382.057917436845,9.247834395011264,0.01,4,W,Pre-Pandemic
15,Get Out,3143,176040665,2017-02-24,Universal Pictures,1,2,2017,prepan,56010.39293668469,10.933292540653019,0.06,1,U,Pre-Pandemic
68,Ghost in the Shell,3440,40563557,2017-03-31,Paramount Pictures,1,3,2017,prepan,11791.73168604651,9.375153860273238,0.01,1,P,Pre-Pandemic
21,Ghostbusters,3963,128350574,2016-07-15,Sony Pictures Releasing,3,7,2016,prepan,32387.22533434267,10.385519344227463,0.03,3,S,Pre-Pandemic
20,Ghostbusters: Frozen Empire,4345,113376590,2024-03-22,Sony Pictures Releasing,1,3,2024,postpan,26093.576524741082,10.169444452857531,0.03,1,S,Post-Pandemic
29,Girls Trip,2648,115171585,2017-07-21,Universal Pictures,3,7,2017,prepan,43493.800981873115,10.68037370075797,0.04,3,U,Pre-Pandemic
13,Gladiator II,3580,172438016,2024-11-22,Paramount Pictures,4,11,2024,postpan,48167.043575419,10.782430322931102,0.05,4,P,Post-Pandemic
24,Glass,3844,111048468,2019-01-18,Universal Pictures,1,1,2019,prepan,28888.779396462018,10.271208542531793,0.03,1,U,Pre-Pandemic
86,Gods of Egypt,3117,31153464,2016-02-26,Lionsgate,1,2,2016,prepan,9994.69489894129,9.209809721100036,0.01,1,L,Pre-Pandemic
9,Godzilla X Kong: The New Empire,3948,196350016,2024-03-29,Warner Bros.,1,3,2024,postpan,49734.04660587639,10.814445019922058,0.05,1,W,Post-Pandemic
25,Godzilla: King of the Monsters,4108,110500138,2019-05-31,Warner Bros.,2,5,2019,prepan,26898.76777020448,10.199835756741631,0.03,2,W,Pre-Pandemic
61,Going in Style,3076,45018541,2017-04-07,Warner Bros.,2,4,2017,prepan,14635.41644993498,9.591199654473433,0.01,2,W,Pre-Pandemic
34,Good Boys,3458,83140306,2019-08-16,Universal Pictures,3,8,2019,prepan,24042.887796414114,10.087594506077608,0.02,3,U,Pre-Pandemic
93,Good Fortune,2990,16585758,2025-10-17,Lionsgate,4,10,2025,postpan,5547.076254180602,8.621026266883517,0.01,4,L,Post-Pandemic
66,Goosebumps 2: Haunted Halloween,3723,46700633,2018-10-12,Sony Pictures Releasing,4,10,2018,prepan,12543.817620198764,9.4369832032784,0.01,4,S,Pre-Pandemic
52,Gran Turismo,3856,44428554,2023-08-25,Sony Pictures Releasing,3,8,2023,postpan,11521.927904564316,9.352007273074724,0.01,3,S,Post-Pandemic
55,Green Book,2648,85080171,2019-11-16,Universal Pictures,4,11,2019,prepan,32129.973942598186,10.377544641110452,0.03,4,U,Pre-Pandemic
4,Guardians of the Galaxy Vol. 3,4450,358995815,2023-05-05,Walt Disney Studios Motion Pictures,2,5,2023,postpan,80673.21685393258,11.298161913842703,0.08,2,D,Post-Pandemic
4,Guardians of the Galaxy: Vol. 2,4347,389813101,2017-05-05,Walt Disney Studios Motion Pictures,2,5,2017,prepan,89674.05129974695,11.40393672302751,0.09,2,D,Pre-Pandemic
48,Hacksaw Ridge,2971,67209615,2016-11-04,Lionsgate,4,11,2016,prepan,22621.883204308313,10.026673000152895,0.02,4,L,Pre-Pandemic
89,"Hail, Caesar!",2248,30498085,2016-02-05,Universal Pictures,1,2,2016,prepan,13566.763790035588,9.515378241707634,0.01,1,U,Pre-Pandemic
19,Halloween,3990,159342015,2018-10-19,Universal Pictures,4,10,2018,prepan,39935.34210526316,10.595016977867022,0.04,4,U,Pre-Pandemic
30,Halloween Ends,3901,64079860,2022-10-14,Universal Pictures,4,10,2022,postpan,16426.52140476801,9.706652466446297,0.02,4,U,Post-Pandemic
90,Hamilton,1850,16946377,2025-09-05,Walt Disney Studios Motion Pictures,3,9,2025,postpan,9160.203783783783,9.122623704558679,0.01,3,D,Post-Pandemic
50,Happy Death Day,3535,55683845,2017-10-13,Universal Pictures,4,10,2017,prepan,15752.148514851486,9.664732048591649,0.02,4,U,Pre-Pandemic
84,Happy Death Day 2U,3212,28148130,2019-02-13,Universal Pictures,1,2,2019,prepan,8763.427770859278,9.07834240543662,0.01,1,U,Pre-Pandemic
35,Haunted Mansion,3740,67653287,2023-07-28,Walt Disney Studios Motion Pictures,3,7,2023,postpan,18089.114171122994,9.803065609314366,0.02,3,D,Post-Pandemic
65,Heart Eyes,3102,30415738,2025-02-07,Sony Pictures Releasing,1,2,2025,postpan,9805.202450032237,9.190668386049335,0.01,1,S,Post-Pandemic
97,Hell or High Water,1505,27007844,2016-08-12,Lionsgate,3,8,2016,prepan,17945.411295681064,9.795089723111813,0.02,3,L,Pre-Pandemic
90,Here,2732,12237270,2024-11-01,Sony Pictures Releasing,4,11,2024,postpan,4479.234992679356,8.407207550265142,0,4,S,Post-Pandemic
68,Him,3168,25009605,2025-09-19,Universal Pictures,3,9,2025,postpan,7894.446022727273,8.973914756112237,0.01,3,U,Post-Pandemic
54,Horizon: An American Saga - Chapter 1,3334,29035702,2024-06-28,Warner Bros.,2,6,2024,postpan,8708.968806238752,9.072108670901821,0.01,2,W,Post-Pandemic
18,Hotel Transylvania 3: Summer Vacation,4267,167510016,2018-07-13,Sony Pictures Releasing,3,7,2018,prepan,39257.09303960628,10.577887421268551,0.04,3,S,Pre-Pandemic
67,How to Be Single,3357,46843513,2016-02-12,Warner Bros.,1,2,2016,prepan,13953.980637473935,9.543520096901396,0.01,1,W,Pre-Pandemic
9,How to Train Your Dragon,4373,262958100,2025-06-13,Universal Pictures,2,6,2025,postpan,60132.197576034756,11.004300710447687,0.06,2,U,Post-Pandemic
15,How to Train Your Dragon: The Hidden World,4286,160799505,2019-02-22,Universal Pictures,1,2,2019,prepan,37517.383341110595,10.532559660312671,0.04,1,U,Pre-Pandemic
61,I Know What You Did Last Summer,3206,32165634,2025-07-18,Sony Pictures Releasing,3,7,2025,postpan,10032.948845913912,9.21362984032933,0.01,3,S,Post-Pandemic
21,IF,4068,111375918,2024-05-17,Paramount Pictures,2,5,2024,postpan,27378.54424778761,10.21751492897707,0.03,2,P,Post-Pandemic
56,Imaginary,3118,28009161,2024-03-08,Lionsgate,1,3,2024,postpan,8983.053559974342,9.103095143581948,0.01,1,L,Post-Pandemic
3,Incredibles 2,4410,608581744,2018-06-15,Walt Disney Studios Motion Pictures,2,6,2018,prepan,138000.3954648526,11.835011829822573,0.14,2,D,Pre-Pandemic
12,Indiana Jones and the Dial of Destiny,4600,174480468,2023-06-30,Walt Disney Studios Motion Pictures,2,6,2023,postpan,37930.53652173913,10.543511779632711,0.04,2,D,Post-Pandemic
84,Inferno,3576,34343574,2016-10-28,Sony Pictures Releasing,4,10,2016,prepan,9603.907718120805,9.169925348602852,0.01,4,S,Pre-Pandemic
1,Inside Out 2,4440,652980194,2024-06-14,Walt Disney Studios Motion Pictures,2,6,2024,postpan,147067.61126126125,11.898647700573436,0.15,2,D,Post-Pandemic
47,Insidious: The Last Key,3150,67745330,2018-01-05,Universal Pictures,1,1,2018,prepan,21506.45396825397,9.976108353639333,0.02,1,U,Pre-Pandemic
48,Instant Family,3426,67363237,2018-11-16,Paramount Pictures,4,11,2018,prepan,19662.357559836542,9.886461303085317,0.02,4,P,Pre-Pandemic
82,Interstellar,321,15207563,2024-12-06,Paramount Pictures,4,12,2024,postpan,47375.58566978193,10.76586230473115,0.05,4,P,Post-Pandemic
57,Isn't It Romantic,3444,48791187,2019-02-13,Warner Bros.,1,2,2019,prepan,14167.011324041812,9.558671394704351,0.01,1,W,Pre-Pandemic
6,It,4148,327481748,2017-09-08,Warner Bros.,3,9,2017,prepan,78949.31243972998,11.276561310839407,0.08,3,W,Pre-Pandemic
15,It Ends with Us,3839,148518266,2024-08-09,Sony Pictures Releasing,3,8,2024,postpan,38686.70643396718,10.563251317008941,0.04,3,S,Post-Pandemic
10,It: Chapter Two,4570,211593228,2019-09-06,Warner Bros.,3,9,2019,prepan,46300.4875273523,10.742907769767317,0.05,3,W,Pre-Pandemic
55,Jack Reacher: Never Go Back,3780,58697076,2016-10-21,Paramount Pictures,4,10,2016,prepan,15528.326984126985,9.65042118233753,0.02,4,P,Pre-Pandemic
32,Jackass Forever,3653,57743451,2022-02-04,Paramount Pictures,1,2,2022,postpan,15807.13139885026,9.668216471542932,0.02,1,P,Post-Pandemic
15,Jason Bourne,4039,162434410,2016-07-29,Universal Pictures,3,7,2016,prepan,40216.49170586779,10.602032431920598,0.04,3,U,Pre-Pandemic
48,Jesus Revolution,2575,52102987,2023-02-24,Lionsgate,1,2,2023,postpan,20234.169708737863,9.915128024036083,0.02,1,L,Post-Pandemic
72,Jigsaw,2941,38052832,2017-10-27,Lionsgate,4,10,2017,prepan,12938.739204352261,9.467981129332024,0.01,4,L,Pre-Pandemic
36,John Wick: Chapter 2,3113,92029184,2017-02-10,Lionsgate,1,2,2017,prepan,29562.8602634115,10.294274131660211,0.03,1,L,Pre-Pandemic
14,John Wick: Chapter 3 - Parabellum,3850,171015687,2019-05-17,Lionsgate,2,5,2019,prepan,44419.658961038964,10.701437419819642,0.04,2,L,Pre-Pandemic
9,John Wick: Chapter 4,3855,187131806,2023-03-24,Lionsgate,1,3,2023,postpan,48542.6215304799,10.790197485454698,0.05,1,L,Post-Pandemic
9,Joker,4374,335451311,2019-10-04,Warner Bros.,4,10,2019,prepan,76692.11499771377,11.247554178911859,0.08,4,W,Pre-Pandemic
37,Joker: Folie à Deux,4102,58300287,2024-10-04,Warner Bros.,4,10,2024,postpan,14212.649195514383,9.561887635489313,0.01,4,W,Post-Pandemic
91,Joy Ride,2820,12897789,2023-07-07,Lionsgate,3,7,2023,postpan,4573.684042553192,8.428074295361043,0,3,L,Post-Pandemic
7,Jumanji: Welcome to the Jungle,3849,404515480,2018-12-20,Sony Pictures Releasing,4,12,2018,prepan,105096.25357235645,11.562631909915297,0.11,4,S,Pre-Pandemic
5,Jurassic World: Dominion,4697,376851080,2022-06-10,Universal Pictures,2,6,2022,postpan,80232.29295294869,11.2926813680844,0.08,2,U,Post-Pandemic
4,Jurassic World: Fallen Kingdom,4485,417719760,2018-06-22,Universal Pictures,2,6,2018,prepan,93137.07023411371,11.441827560535016,0.09,2,U,Pre-Pandemic
4,Jurassic World: Rebirth,4324,339640400,2025-07-02,Universal Pictures,3,7,2025,postpan,78547.7335800185,11.271461790053227,0.08,3,U,Post-Pandemic
11,Justice League,4051,229024295,2017-11-17,Warner Bros.,4,11,2017,prepan,56535.24932115527,10.942619604391552,0.06,4,W,Pre-Pandemic
40,Karate Kid: Legends,3859,52547391,2025-05-30,Sony Pictures Releasing,2,5,2025,postpan,13616.84140969163,9.519062644562785,0.01,2,S,Post-Pandemic
36,Killers of the Flower Moon,3786,68035488,2023-10-20,Paramount Pictures,4,10,2023,postpan,17970.28209191759,9.79647467759082,0.02,4,P,Post-Pandemic
71,King Arthur: Legend of the Sword,3702,39175066,2017-05-12,Warner Bros.,2,5,2017,prepan,10582.135602377093,9.266922537819422,0.01,2,W,Pre-Pandemic
59,Knock at the Cabin,3657,35397980,2023-02-03,Universal Pictures,1,2,2023,postpan,9679.513262236806,9.177766896179623,0.01,1,U,Post-Pandemic
19,Kong: Skull Island,3846,168052812,2017-03-10,Warner Bros.,1,3,2017,prepan,43695.47893915757,10.684999918961811,0.04,1,W,Pre-Pandemic
64,Kraven the Hunter,3211,25026310,2024-12-13,Sony Pictures Releasing,4,12,2024,postpan,7793.930239800685,8.961100535358302,0.01,4,S,Post-Pandemic
10,Kung Fu Panda 4,4067,193590620,2024-03-08,Universal Pictures,1,3,2024,postpan,47600.34915170888,10.770595375312544,0.05,1,U,Post-Pandemic
27,La La Land,3236,151101803,2017-12-09,Lionsgate,4,12,2017,prepan,46694.00587144623,10.751371081488431,0.05,4,L,Pre-Pandemic
75,Last Christmas,3454,35150750,2019-11-08,Universal Pictures,4,11,2019,prepan,10176.823972206137,9.227868254413291,0.01,4,U,Pre-Pandemic
87,Life,3146,30234022,2017-03-24,Sony Pictures Releasing,1,3,2017,prepan,9610.305785123966,9.170591320929907,0.01,1,S,Pre-Pandemic
57,Life of the Party,3656,53059911,2018-05-11,Warner Bros.,2,5,2018,prepan,14513.104759299782,9.58280729675202,0.01,2,W,Pre-Pandemic
45,Lights Out,2835,67268835,2016-07-22,Warner Bros.,3,7,2016,prepan,23727.984126984127,10.074410395420314,0.02,3,W,Pre-Pandemic
15,Lightyear,4255,118307188,2022-06-17,Walt Disney Studios Motion Pictures,2,6,2022,postpan,27804.274500587544,10.232945046872963,0.03,2,D,Post-Pandemic
2,Lilo & Stitch,4410,423778855,2025-05-23,Walt Disney Studios Motion Pictures,2,5,2025,postpan,96094.97845804988,11.473092340295004,0.1,2,D,Post-Pandemic
67,Little,2667,40860481,2019-04-12,Universal Pictures,2,4,2019,prepan,15320.765279340083,9.63696439500651,0.02,2,U,Pre-Pandemic
80,Long Shot,3230,30316271,2019-05-03,Lionsgate,2,5,2019,prepan,9385.842414860681,9.146957706831435,0.01,2,L,Pre-Pandemic
97,Love Hurts,3055,15683090,2025-02-07,Universal Pictures,1,2,2025,postpan,5133.581014729951,8.543558748192353,0.01,1,U,Post-Pandemic
35,"Lyle, Lyle, Crocodile",4350,46888441,2022-10-07,Sony Pictures Releasing,4,10,2022,postpan,10778.951954022989,9.285350618403013,0.01,4,S,Post-Pandemic
26,M3GAN,3628,95159005,2023-01-06,Universal Pictures,1,1,2023,postpan,26229.053197353915,10.174622976035359,0.03,1,U,Post-Pandemic
69,M3GAN 2.0,3133,24101280,2025-06-27,Universal Pictures,2,6,2025,postpan,7692.7162464091925,8.948029218131493,0.01,2,U,Post-Pandemic
59,Ma,2816,45896028,2019-05-31,Universal Pictures,2,5,2019,prepan,16298.305397727272,9.698816418060677,0.02,2,U,Pre-Pandemic
67,Magic Mike's Last Dance,3034,26005156,2023-02-10,Warner Bros.,1,2,2023,postpan,8571.244561634805,9.056168224109214,0.01,1,W,Post-Pandemic
23,Maleficent: Mistress of Evil,3820,113929605,2019-10-18,Walt Disney Studios Motion Pictures,4,10,2019,prepan,29824.50392670157,10.303085614026502,0.03,4,D,Pre-Pandemic
25,Mamma Mia! Here We Go Again,3514,120634935,2018-07-20,Universal Pictures,3,7,2018,prepan,34329.80506545248,10.443769208179061,0.03,3,U,Pre-Pandemic
50,Marry Me,3643,22438180,2022-02-11,Universal Pictures,1,2,2022,postpan,6159.2588525940155,8.725711733151662,0.01,1,U,Post-Pandemic
30,Mary Poppins Returns,4090,171958438,2018-12-19,Walt Disney Studios Motion Pictures,4,12,2018,prepan,42043.627872860634,10.64646311700646,0.04,4,D,Pre-Pandemic
56,Me Before You,2762,56245075,2016-06-03,Warner Bros.,2,6,2016,prepan,20363.89391745112,9.921518705690799,0.02,2,W,Pre-Pandemic
30,Mean Girls,3826,72581770,2024-01-12,Paramount Pictures,1,1,2024,postpan,18970.66649242028,9.850649196335084,0.02,1,P,Post-Pandemic
31,Meg 2: The Trench,3604,82600317,2023-08-04,Warner Bros.,3,8,2023,postpan,22919.066870144285,10.039724457528012,0.02,3,W,Post-Pandemic
36,Men in Black: International,4224,80001807,2019-06-14,Sony Pictures Releasing,2,6,2019,prepan,18939.821732954544,9.849021954496964,0.02,2,S,Pre-Pandemic
46,Mickey 17,3807,46142263,2025-03-07,Warner Bros.,1,3,2025,postpan,12120.37378513265,9.40264309950523,0.01,1,W,Post-Pandemic
50,Midway,3242,56846802,2019-11-08,Lionsgate,4,11,2019,prepan,17534.485502776064,9.771924820984768,0.02,4,L,Pre-Pandemic
29,Migration,3839,127630880,2024-12-22,Universal Pictures,4,12,2024,postpan,33245.866110966395,10.411685710864965,0.03,4,U,Post-Pandemic
6,Minions: The Rise of Gru,4427,370549695,2022-07-01,Universal Pictures,3,7,2022,postpan,83702.21255929524,11.335020690528365,0.08,3,U,Post-Pandemic
61,Missing,3025,32502025,2023-01-20,Sony Pictures Releasing,1,1,2023,postpan,10744.471074380166,9.282146582586288,0.01,1,S,Post-Pandemic
13,Mission: Impossible - Dead Reckoning Part One,4327,172640980,2023-07-12,Paramount Pictures,3,7,2023,postpan,39898.53940374393,10.594094995785465,0.04,3,P,Post-Pandemic
8,Mission: Impossible - Fallout,4395,220159104,2018-07-27,Paramount Pictures,3,7,2018,prepan,50093.08395904437,10.821638232814252,0.05,3,P,Pre-Pandemic
12,Mission: Impossible - The Final Reckoning,3861,197413515,2025-05-23,Paramount Pictures,2,5,2025,postpan,51130.15151515151,10.842129651401388,0.05,2,P,Post-Pandemic
13,Moana,3875,248757044,2016-11-23,Walt Disney Studios Motion Pictures,4,11,2016,prepan,64195.36619354839,11.069686309402533,0.06,4,D,Pre-Pandemic
4,Moana 2,4200,460405297,2024-11-27,Walt Disney Studios Motion Pictures,4,11,2024,postpan,109620.3088095238,11.604777935687215,0.11,4,D,Post-Pandemic
59,Monkey Man,3037,25116955,2024-04-05,Universal Pictures,2,4,2024,postpan,8270.317747777412,9.020428209018142,0.01,2,U,Post-Pandemic
78,Monster Trucks,3119,33370166,2017-01-13,Paramount Pictures,1,1,2017,prepan,10698.99519076627,9.2779051086354,0.01,1,P,Pre-Pandemic
56,Moonfall,3446,19060660,2022-02-04,Lionsgate,1,2,2022,postpan,5531.242019733024,8.618167665995067,0.01,1,L,Post-Pandemic
19,Mufasa: The Lion King,4100,254567693,2024-12-20,Walt Disney Studios Motion Pictures,4,12,2024,postpan,62089.6812195122,11.036335090177811,0.06,4,D,Post-Pandemic
54,My Big Fat Greek Wedding 2,3179,59689605,2016-03-25,Universal Pictures,1,3,2016,prepan,18776.22050959421,9.840346481688261,0.02,1,U,Pre-Pandemic
100,My Little Pony: The Movie,2528,21885107,2017-10-06,Lionsgate,4,10,2017,prepan,8657.083465189873,9.066133162521945,0.01,4,L,Pre-Pandemic
58,Neighbors 2: Sorority Rising,3416,55455765,2016-05-20,Universal Pictures,2,5,2016,prepan,16234.12324355972,9.694870678986263,0.02,2,U,Pre-Pandemic
75,Nerve,2538,38583626,2016-07-27,Lionsgate,3,7,2016,prepan,15202.374310480693,9.629206899272582,0.02,3,L,Pre-Pandemic
96,Never Let Go,2667,10306106,2024-09-20,Lionsgate,3,9,2024,postpan,3864.3067116610423,8.259537568906115,0,3,L,Post-Pandemic
40,Night School,3019,77339130,2018-09-28,Universal Pictures,3,9,2018,prepan,25617.466048360384,10.15102966534306,0.03,3,U,Pre-Pandemic
49,Night Swim,3257,32494740,2024-01-05,Universal Pictures,1,1,2024,postpan,9976.892846177463,9.208026982771385,0.01,1,U,Post-Pandemic
49,No Hard Feelings,3208,50452282,2023-06-23,Sony Pictures Releasing,2,6,2023,postpan,15727.020573566086,9.663135567658376,0.02,2,S,Post-Pandemic
75,Nobody 2,3282,21604985,2025-08-15,Universal Pictures,3,8,2025,postpan,6582.871724558197,8.792226361414162,0.01,3,U,Post-Pandemic
90,Nobody's Fool,2468,31713110,2018-11-02,Paramount Pictures,4,11,2018,prepan,12849.72042139384,9.461077332996704,0.01,4,P,Pre-Pandemic
14,Nope,3807,123277080,2022-07-22,Universal Pictures,3,7,2022,postpan,32381.68636721828,10.385348306394887,0.03,3,U,Post-Pandemic
47,Now You See Me 2,3232,65075540,2016-06-10,Lionsgate,2,6,2016,prepan,20134.758663366338,9.910202887287046,0.02,2,L,Pre-Pandemic
33,Now You See Me: Now You Don't,3403,61882396,2025-11-14,Lionsgate,4,11,2025,postpan,18184.659418160445,9.808333628522055,0.02,4,L,Post-Pandemic
22,Ocean's Eight,4145,140218711,2018-06-08,Warner Bros.,2,6,2018,prepan,33828.398311218334,10.429055915434256,0.03,2,W,Pre-Pandemic
63,Office Christmas Party,3210,54767494,2016-12-09,Paramount Pictures,4,12,2016,prepan,17061.5246105919,9.7445811846137,0.02,4,P,Pre-Pandemic
18,Once Upon a Time... in Hollywood,3659,142502728,2019-07-26,Sony Pictures Releasing,3,7,2019,prepan,38945.81251708117,10.56992653633018,0.04,3,S,Pre-Pandemic
30,One Battle After Another,3634,72918884,2025-09-26,Warner Bros.,3,9,2025,postpan,20065.735828288387,9.90676895425828,0.02,3,W,Post-Pandemic
41,One of Them Days,2675,50054690,2025-01-17,Sony Pictures Releasing,1,1,2025,postpan,18712.033644859814,9.836922106298942,0.02,1,S,Post-Pandemic
5,Oppenheimer,3761,330078895,2023-07-21,Universal Pictures,3,7,2023,postpan,87763.59877692103,11.382402101137984,0.09,3,U,Post-Pandemic
72,Ordinary Angels,3020,19174421,2024-02-23,Lionsgate,1,2,2024,postpan,6349.146026490066,8.756075598825639,0.01,1,L,Post-Pandemic
98,Orphan: First Kill,557,5413227,2022-08-19,Paramount Pictures,3,8,2022,postpan,9718.54039497307,9.181790721052346,0.01,3,P,Post-Pandemic
82,Ouija: Origin of Evil,3168,35144505,2016-10-21,Universal Pictures,4,10,2016,prepan,11093.59375,9.314123081051596,0.01,4,U,Pre-Pandemic
39,PAW Patrol: The Mighty Movie,4027,65343309,2023-09-29,Paramount Pictures,3,9,2023,postpan,16226.299726843805,9.694388644794993,0.02,3,P,Post-Pandemic
51,Pacific Rim: Uprising,3708,59874525,2018-03-23,Universal Pictures,1,3,2018,prepan,16147.390776699029,9.689513753783984,0.02,1,U,Pre-Pandemic
77,Paddington 2,3702,40891591,2018-01-12,Warner Bros.,1,1,2018,prepan,11045.810642895733,9.309806507719205,0.01,1,W,Pre-Pandemic
47,Paddington in Peru,3890,45800000,2025-02-14,Sony Pictures Releasing,1,2,2025,postpan,11773.778920308483,9.373630212471921,0.01,1,S,Post-Pandemic
59,Passengers,3478,100014699,2016-12-21,Sony Pictures Releasing,4,12,2016,prepan,28756.38269120184,10.266615028236165,0.03,4,S,Pre-Pandemic
83,Patriots Day,3120,31886361,2017-12-21,Lionsgate,4,12,2017,prepan,10219.9875,9.23210064066497,0.01,4,L,Pre-Pandemic
57,Paws of Fury: The Legend of Hank,3481,17811382,2022-07-15,Paramount Pictures,3,7,2022,postpan,5116.742889974145,8.540273361299624,0.01,3,P,Post-Pandemic
53,Pet Sematary,3585,54724696,2019-04-05,Paramount Pictures,2,4,2019,prepan,15264.908228730823,9.633311893276083,0.02,2,P,Pre-Pandemic
40,Pete's Dragon,3702,76233151,2016-08-12,Walt Disney Studios Motion Pictures,3,8,2016,prepan,20592.423284710967,9.932678485408973,0.02,3,D,Pre-Pandemic
27,Peter Rabbit,3725,115253424,2018-02-09,Sony Pictures Releasing,1,2,2018,prepan,30940.516510067115,10.339821817913608,0.03,1,S,Pre-Pandemic
17,Pirates of the Caribbean: Dead Men Tell No Tales,4276,172558876,2017-05-26,Walt Disney Studios Motion Pictures,2,5,2017,prepan,40355.209541627686,10.605475774202622,0.04,2,D,Pre-Pandemic
46,Pitch Perfect 3,3468,104897530,2017-12-22,Universal Pictures,4,12,2017,prepan,30247.2693194925,10.317161188954367,0.03,4,U,Pre-Pandemic
62,Plane,3060,32111181,2023-01-13,Lionsgate,1,1,2023,postpan,10493.85,9.25854465026228,0.01,1,L,Post-Pandemic
63,Playing with Fire,3185,44451847,2019-11-08,Paramount Pictures,4,11,2019,prepan,13956.623861852433,9.543709503360613,0.01,4,P,Pre-Pandemic
17,Pokémon: Detective Pikachu,4248,144105346,2019-05-10,Warner Bros.,2,5,2019,prepan,33923.10404896422,10.431851596596458,0.03,2,W,Pre-Pandemic
39,Power Rangers,3693,85364450,2017-03-24,Lionsgate,1,3,2017,prepan,23115.20444083401,10.04824588089258,0.02,1,L,Pre-Pandemic
55,Prey for the Devil,2980,19802293,2022-10-28,Lionsgate,4,10,2022,postpan,6645.064765100671,8.801629717540884,0.01,4,L,Post-Pandemic
21,Puss in Boots: The Last Wish,4121,186090535,2023-12-21,Universal Pictures,4,12,2023,postpan,45156.64523173987,10.71789272922744,0.05,4,U,Post-Pandemic
16,Ralph Breaks the Internet,4017,201091711,2018-11-21,Walt Disney Studios Motion Pictures,4,11,2018,prepan,50060.17201891959,10.820981001234747,0.05,4,D,Pre-Pandemic
62,Rambo: Last Blood,3618,44819352,2019-09-20,Lionsgate,3,9,2019,prepan,12387.880597014926,9.424473902445975,0.01,3,L,Pre-Pandemic
33,Rampage,4115,101028233,2018-04-13,Warner Bros.,2,4,2018,prepan,24551.21093560146,10.108516457285297,0.02,2,W,Pre-Pandemic
23,Ready Player One,4234,137690172,2018-03-29,Warner Bros.,1,3,2018,prepan,32520.116202172885,10.389614136907912,0.03,1,W,Pre-Pandemic
81,Redeeming Love,1963,9214020,2022-01-21,Universal Pictures,1,1,2022,postpan,4693.846153846154,8.454007600809124,0,1,U,Post-Pandemic
79,Renfield,3378,17297895,2023-04-14,Universal Pictures,2,4,2023,postpan,5120.750444049733,8.541056278396523,0.01,2,U,Post-Pandemic
32,Ride Along 2,3192,91221830,2016-01-15,Universal Pictures,1,1,2016,prepan,28578.26754385965,10.260401831866949,0.03,1,U,Pre-Pandemic
90,Rings,2931,27793018,2017-02-03,Paramount Pictures,1,2,2017,prepan,9482.435346298193,9.157196455327123,0.01,1,P,Pre-Pandemic
77,Risen,2915,36880033,2016-02-19,Sony Pictures Releasing,1,2,2016,prepan,12651.812349914237,9.445555752661601,0.01,1,S,Pre-Pandemic
93,Robin Hood,2827,30824628,2018-11-21,Lionsgate,4,11,2018,prepan,10903.653342766183,9.296853181121751,0.01,4,L,Pre-Pandemic
32,Rocketman,3610,96368160,2019-05-31,Paramount Pictures,2,5,2019,prepan,26694.781163434902,10.19222336323951,0.03,2,P,Pre-Pandemic
2,Rogue One: A Star Wars Story,4157,532177324,2016-12-16,Walt Disney Studios Motion Pictures,4,12,2016,prepan,128019.56314649987,11.759938368305388,0.13,4,D,Pre-Pandemic
99,Rough Night,3162,22105643,2017-06-16,Sony Pictures Releasing,2,6,2017,prepan,6991.031941808982,8.852383455491532,0.01,2,S,Pre-Pandemic
100,Saturday Night,2336,9511315,2024-09-27,Sony Pictures Releasing,3,9,2024,postpan,4071.624571917808,8.311797356513754,0,3,S,Post-Pandemic
29,Sausage Party,3135,97685686,2016-08-12,Sony Pictures Releasing,3,8,2016,prepan,31159.70845295056,10.346881143488748,0.03,3,S,Pre-Pandemic
46,Saw X,3262,53607898,2023-09-29,Lionsgate,3,9,2023,postpan,16434.058246474557,9.707111182751285,0.02,3,L,Post-Pandemic
42,Scary Stories to Tell in the Dark,3135,68947075,2019-08-09,Lionsgate,3,8,2019,prepan,21992.68740031898,9.998465286191763,0.02,3,L,Pre-Pandemic
25,Scream,3666,81641405,2022-01-14,Paramount Pictures,1,1,2022,postpan,22269.886797599564,10.01099067705931,0.02,1,P,Post-Pandemic
23,Scream VI,3676,108391107,2023-03-10,Paramount Pictures,1,3,2023,postpan,29486.15533188248,10.291676121383492,0.03,1,P,Post-Pandemic
77,See How They Run,2502,9586237,2022-09-16,Walt Disney Studios Motion Pictures,3,9,2022,postpan,3831.42965627498,8.25099329092442,0,3,D,Post-Pandemic
19,Shazam!,4306,140371656,2019-04-05,Warner Bros.,2,4,2019,prepan,32599.084068741293,10.392039470909218,0.03,2,W,Pre-Pandemic
44,Shazam! Fury of the Gods,4071,57638006,2023-03-17,Warner Bros.,1,3,2023,postpan,14158.193564234833,9.558048785962306,0.01,1,W,Post-Pandemic
94,She Said,2023,5825995,2022-11-18,Universal Pictures,4,11,2022,postpan,2879.878892733564,7.965503521111639,0,4,U,Post-Pandemic
72,Sherlock Gnomes,3662,43242871,2018-03-23,Paramount Pictures,1,3,2018,prepan,11808.53932277444,9.376578220151416,0.01,1,P,Pre-Pandemic
60,Sicario: Day of the Soldado,3055,50072235,2018-06-29,Sony Pictures Releasing,2,6,2018,prepan,16390.256955810146,9.704442349211698,0.02,2,S,Pre-Pandemic
18,Sing,4029,270395425,2016-12-21,Universal Pictures,4,12,2016,prepan,67112.2921320427,11.114122497419903,0.07,4,U,Pre-Pandemic
7,Sinners,3518,279989632,2025-04-18,Warner Bros.,2,4,2025,postpan,79587.72939169983,11.284615206579018,0.08,2,W,Post-Pandemic
76,Sisters,2978,87044645,2016-12-18,Universal Pictures,4,12,2016,prepan,29229.229348556077,10.282924492672405,0.03,4,U,Pre-Pandemic
46,Skyscraper,3822,68420120,2018-07-13,Universal Pictures,3,7,2018,prepan,17901.65358451073,9.792648366585112,0.02,3,U,Pre-Pandemic
38,Smallfoot,4131,83240103,2018-09-28,Warner Bros.,3,9,2018,prepan,20150.109658678288,9.91096500947805,0.02,3,W,Pre-Pandemic
16,Smile,3659,105935048,2022-09-30,Paramount Pictures,3,9,2022,postpan,28951.91254441104,10.273391544529256,0.03,3,P,Post-Pandemic
31,Smile 2,3624,69012586,2024-10-18,Paramount Pictures,4,10,2024,postpan,19043.208057395143,9.85446578456185,0.02,4,P,Post-Pandemic
60,Smurfs: The Lost Village,3610,45020282,2017-04-07,Sony Pictures Releasing,2,4,2017,prepan,12470.992243767312,9.431160605979034,0.01,2,S,Pre-Pandemic
24,Snow White,4200,87203963,2025-03-21,Walt Disney Studios Motion Pictures,1,3,2025,postpan,20762.84833333333,9.94092053082276,0.02,1,D,Post-Pandemic
10,Solo: A Star Wars Story,4381,213767512,2018-05-25,Walt Disney Studios Motion Pictures,2,5,2018,prepan,48794.22780187172,10.795367302096752,0.05,2,D,Pre-Pandemic
10,Sonic the Hedgehog 2,4258,190872904,2022-04-08,Paramount Pictures,2,4,2022,postpan,44826.89149835604,10.71056349498084,0.04,2,P,Post-Pandemic
14,Sonic the Hedgehog 3,3769,236115100,2024-12-20,Paramount Pictures,4,12,2024,postpan,62646.617139824884,11.045264962694379,0.06,4,P,Post-Pandemic
46,Speak No Evil,3375,36931420,2024-09-13,Universal Pictures,3,9,2024,postpan,10942.642962962964,9.300422633906638,0.01,3,U,Post-Pandemic
7,Spider-Man: Far from Home,4634,390532085,2019-07-02,Sony Pictures Releasing,3,7,2019,prepan,84275.37440656021,11.34184498276887,0.08,3,S,Pre-Pandemic
5,Spider-Man: Homecoming,4348,334201140,2017-07-07,Sony Pictures Releasing,3,7,2017,prepan,76863.1876724931,11.249782337009709,0.08,3,S,Pre-Pandemic
29,Spider-Man: Into the Spider-Verse,3813,190241310,2018-12-14,Sony Pictures Releasing,4,12,2018,prepan,49892.8166797797,10.817632317064161,0.05,4,S,Pre-Pandemic
23,Split,3373,138291365,2017-01-20,Universal Pictures,1,1,2017,prepan,40999.51526830714,10.62131552289234,0.04,1,U,Pre-Pandemic
16,Star Trek Beyond,3928,158848340,2016-07-22,Paramount Pictures,3,7,2016,prepan,40440.00509164969,10.607574799040673,0.04,3,P,Pre-Pandemic
87,Star Wars: Episode I - The Phantom Menace,2700,13029994,2024-05-03,Walt Disney Studios Motion Pictures,2,5,2024,postpan,4825.923703703704,8.481757436632677,0,2,D,Post-Pandemic
59,Star Wars: Episode III - Revenge of the Sith,2800,34107714,2025-04-25,Walt Disney Studios Motion Pictures,2,4,2025,postpan,12181.326428571429,9.407659437516038,0.01,2,D,Post-Pandemic
10,Star Wars: Episode VII - The Force Awakens,4134,936662225,2016-12-18,Walt Disney Studios Motion Pictures,4,12,2016,prepan,226575.28422835027,12.330832549378117,0.23,4,D,Pre-Pandemic
1,Star Wars: Episode VIII - The Last Jedi,4232,620181382,2017-12-15,Walt Disney Studios Motion Pictures,4,12,2017,prepan,146545.69517958412,11.8950925712933,0.15,4,D,Pre-Pandemic
43,Storks,3922,72679278,2016-09-23,Warner Bros.,3,9,2016,prepan,18531.177460479346,9.827209860729539,0.02,3,W,Pre-Pandemic
41,Strange World,4174,37968963,2022-11-23,Walt Disney Studios Motion Pictures,4,11,2022,postpan,9096.541207474844,9.115649533162857,0.01,4,D,Post-Pandemic
69,Strays,3232,23988885,2023-08-18,Universal Pictures,3,8,2023,postpan,7422.303527227723,8.912244736395728,0.01,3,U,Post-Pandemic
9,Suicide Squad,4255,325100054,2016-08-05,Warner Bros.,3,8,2016,prepan,76404.24300822562,11.243793510369382,0.08,3,W,Pre-Pandemic
24,Sully,3955,125070033,2016-09-09,Warner Bros.,3,9,2016,prepan,31623.270037926675,10.361648522175543,0.03,3,W,Pre-Pandemic
3,Superman,4275,354223803,2025-07-11,Warner Bros.,3,7,2025,postpan,82859.36912280702,11.324900101829865,0.08,3,W,Post-Pandemic
54,Tag,3382,54730625,2018-06-15,Warner Bros.,2,6,2018,prepan,16182.91691306919,9.691711453293063,0.02,2,W,Pre-Pandemic
98,Teen Titans GO! To the Movies,3188,29790236,2018-07-27,Warner Bros.,3,7,2018,prepan,9344.490589711419,9.142542206869496,0.01,3,W,Pre-Pandemic
22,Teenage Mutant Ninja Turtles: Mutant Mayhem,3950,118700272,2023-08-02,Paramount Pictures,3,8,2023,postpan,30050.7017721519,10.310641293173259,0.03,3,P,Post-Pandemic
37,Teenage Mutant Ninja Turtles: Out of the Shadows,4071,82051601,2016-06-03,Paramount Pictures,2,6,2016,prepan,20155.146401375583,9.9112149392994109,0.02,2,P,Pre-Pandemic
45,Terminator: Dark Fate,4086,62253077,2019-11-01,Paramount Pictures,4,11,2019,prepan,15235.701664219285,9.631396746428791,0.02,4,P,Pre-Pandemic
81,The 15:17 to Paris,3042,36276286,2018-02-09,Warner Bros.,1,2,2018,prepan,11925.14332675871,9.38640433469972,0.01,1,W,Pre-Pandemic
60,The 355,3145,14570455,2022-01-07,Universal Pictures,1,1,2022,postpan,4632.895071542131,8.440937237101064,0,1,U,Post-Pandemic
83,The 5th Wave,2908,34916787,2016-01-22,Sony Pictures Releasing,1,1,2016,prepan,12007.148211829435,9.393257435739779,0.01,1,S,Pre-Pandemic
35,The Accountant,3402,86260045,2016-10-14,Warner Bros.,4,10,2016,prepan,25355.68636096414,10.140758297906673,0.03,4,W,Pre-Pandemic
26,The Angry Birds Movie,3932,107509366,2016-05-20,Sony Pictures Releasing,2,5,2016,prepan,27342.158189216683,10.216185046051116,0.03,2,S,Pre-Pandemic
66,The Angry Birds Movie 2,3869,41667116,2019-08-13,Sony Pictures Releasing,3,8,2019,prepan,10769.479452054795,9.284471435839805,0.01,3,S,Pre-Pandemic
57,The BFG,3392,55483770,2016-07-01,Walt Disney Studios Motion Pictures,3,7,2016,prepan,16357.243514150943,9.702426106605735,0.02,3,D,Pre-Pandemic
19,The Bad Guys,4042,97459240,2022-04-22,Universal Pictures,2,4,2022,postpan,24111.637803067788,10.09044989931466,0.02,2,U,Post-Pandemic
26,The Bad Guys 2,3860,82593605,2025-08-01,Universal Pictures,3,8,2025,postpan,21397.306994818653,9.97102035172764,0.02,3,U,Post-Pandemic
7,The Batman,4417,369345583,2022-03-04,Warner Bros.,1,3,2022,postpan,83619.10414308355,11.334027291424364,0.08,1,W,Post-Pandemic
45,The Best Christmas Pageant Ever,3020,40048808,2024-11-08,Lionsgate,4,11,2024,postpan,13261.194701986755,9.492597357870302,0.01,4,L,Post-Pandemic
68,The Big Short,2529,70259870,2016-12-11,Paramount Pictures,4,12,2016,prepan,27781.680506128905,10.232132107859854,0.03,4,P,Pre-Pandemic
66,The Big Sick,2597,42873127,2017-06-23,Lionsgate,2,6,2017,prepan,16508.71274547555,9.71164356570221,0.02,2,L,Pre-Pandemic
23,The Black Phone,3156,90123230,2022-06-24,Universal Pictures,2,6,2022,postpan,28556.156527249685,10.25962783202103,0.03,2,U,Post-Pandemic
75,The Blackening,1775,17707207,2023-06-16,Lionsgate,2,6,2023,postpan,9975.891267605633,9.207926587902481,0.01,2,L,Post-Pandemic
50,The Boss,3495,63285885,2016-04-08,Universal Pictures,2,4,2016,prepan,18107.549356223175,9.804084221799478,0.02,2,U,Pre-Pandemic
53,The Color Purple,3218,60619191,2023-12-25,Warner Bros.,4,12,2023,postpan,18837.536047234305,9.843606756522,0.02,4,W,Post-Pandemic
80,The Commuter,2892,36343858,2018-01-12,Lionsgate,1,1,2018,prepan,12567.032503457815,9.438832196025249,0.01,1,L,Pre-Pandemic
28,The Conjuring 2,3356,102470008,2016-06-10,Warner Bros.,2,6,2016,prepan,30533.37544696067,10.326575641260431,0.03,2,W,Pre-Pandemic
15,The Conjuring: Last Rites,3802,177756445,2025-09-05,Warner Bros.,3,9,2025,postpan,46753.404786954234,10.752642361732352,0.05,3,W,Post-Pandemic
52,The Curse of La Llorona,3372,54733739,2019-04-19,Warner Bros.,2,4,2019,prepan,16231.832443653619,9.694729558858336,0.02,2,W,Pre-Pandemic
54,The Dark Tower,3451,50701325,2017-08-04,Sony Pictures Releasing,3,8,2017,prepan,14691.777745580992,9.595043279244207,0.01,3,S,Pre-Pandemic
46,The Divergent Series: Allegiant,3740,66184051,2016-03-18,Lionsgate,1,3,2016,prepan,17696.270320855616,9.781109180022273,0.02,1,L,Pre-Pandemic
38,The Emoji Movie,4075,86089513,2017-07-28,Sony Pictures Releasing,3,7,2017,prepan,21126.260858895705,9.958272136072457,0.02,3,S,Pre-Pandemic
32,The Equalizer 2,3388,102084362,2018-07-20,Sony Pictures Releasing,3,7,2018,prepan,30131.15761511216,10.31331505206708,0.03,3,S,Pre-Pandemic
38,The Exorcist: Believer,3684,65537395,2023-10-06,Universal Pictures,4,10,2023,postpan,17789.73805646037,9.786377056350263,0.02,4,U,Post-Pandemic
82,The Expendables 4,3518,16710153,2023-09-22,Lionsgate,3,9,2023,postpan,4749.901364411598,8.465879131426052,0,3,L,Post-Pandemic
67,The Fabelmans,1962,17348945,2022-11-11,Universal Pictures,4,11,2022,postpan,8842.479612640163,9.087322615466592,0.01,4,U,Post-Pandemic
25,The Fall Guy,4008,92900355,2024-05-03,Universal Pictures,2,5,2024,postpan,23178.73128742515,10.050990382325304,0.02,2,U,Post-Pandemic
8,The Fantastic Four: First Steps,4125,274286610,2025-07-25,Walt Disney Studios Motion Pictures,3,7,2025,postpan,66493.72363636363,11.104862840781674,0.07,3,D,Post-Pandemic
10,The Fate of the Furious,4329,226008385,2017-04-14,Universal Pictures,2,4,2017,prepan,52207.98914298914,10.862990810876237,0.05,2,U,Pre-Pandemic
94,The Finest Hours,3143,27569558,2016-01-29,Walt Disney Studios Motion Pictures,1,1,2016,prepan,8771.733375755648,9.079289714155147,0.01,1,D,Pre-Pandemic
42,The First Purge,3038,69488745,2018-07-04,Universal Pictures,3,7,2018,prepan,22873.187952600394,10.037720671819166,0.02,3,U,Pre-Pandemic
24,The Flash,4256,108133313,2023-06-16,Warner Bros.,2,6,2023,postpan,25407.26339285714,10.142790372476467,0.03,2,W,Post-Pandemic
26,The Garfield Movie,4108,91956547,2024-05-24,Sony Pictures Releasing,2,5,2024,postpan,22384.748539435248,10.016135137171508,0.02,2,S,Post-Pandemic
41,The Girl on the Train,3241,75395035,2016-10-07,Universal Pictures,4,10,2016,prepan,23262.8926257328,10.054614778862144,0.02,4,U,Pre-Pandemic
59,The Great Wall,3328,45540830,2017-02-17,Universal Pictures,1,2,2017,prepan,13684.143629807691,9.523993042228298,0.01,1,U,Pre-Pandemic
6,The Grinch,4141,271740675,2018-11-09,Universal Pictures,4,11,2018,prepan,65621.99347983579,11.09166618520385,0.07,4,U,Pre-Pandemic
41,The Hitman's Bodyguard,3377,75468583,2017-08-18,Lionsgate,3,8,2017,prepan,22347.818477939,10.014483988026766,0.02,3,L,Pre-Pandemic
94,The House,3134,25584504,2017-06-30,Warner Bros.,2,6,2017,prepan,8163.530312699426,9.007431990758251,0.01,2,W,Pre-Pandemic
45,The House with a Clock in Its Walls,3592,68549695,2018-09-21,Universal Pictures,3,9,2018,prepan,19083.990812917593,9.856605085233534,0.02,3,U,Pre-Pandemic
38,The Housemaid,3123,126432462,2025-12-19,Lionsgate,4,12,2025,postpan,40484.29779058597,10.608669469041692,0.04,4,L,Post-Pandemic
14,The Hunger Games: The Ballad of Songbirds & Snakes,3776,166350594,2023-11-17,Lionsgate,4,11,2023,postpan,44054.7123940678,10.693187603941483,0.04,4,L,Post-Pandemic
64,The Huntsman: Winter's War,3802,48390190,2016-04-22,Universal Pictures,2,4,2016,prepan,12727.561809573908,9.451525142144499,0.01,2,U,Pre-Pandemic
47,The Invitation,3117,25100080,2022-08-26,Sony Pictures Releasing,3,8,2022,postpan,8052.640359319859,8.993755311580593,0.01,3,S,Post-Pandemic
5,The Jungle Book,4144,364001123,2016-04-15,Walt Disney Studios Motion Pictures,2,4,2016,prepan,87838.10883204633,11.383250726821771,0.09,2,D,Pre-Pandemic
90,The Last Voyage of the Demeter,2715,13637180,2023-08-11,Universal Pictures,3,8,2023,postpan,5022.902394106814,8.521763211768853,0.01,3,U,Post-Pandemic
23,The Legend of Tarzan,3591,126643061,2016-07-01,Warner Bros.,3,7,2016,prepan,35266.79504316347,10.470697149896917,0.04,3,W,Pre-Pandemic
14,The Lego Batman Movie,4088,175750384,2017-02-10,Warner Bros.,1,2,2017,prepan,42991.77690802349,10.668764141690884,0.04,1,W,Pre-Pandemic
28,The Lego Movie 2: The Second Part,4303,105806508,2019-02-08,Warner Bros.,1,2,2019,prepan,24589.009528236114,10.110054854945405,0.02,1,W,Pre-Pandemic
47,The Lego Ninjago Movie,4047,59281555,2017-09-22,Warner Bros.,3,9,2017,prepan,14648.271559179639,9.592077625176197,0.01,3,W,Pre-Pandemic
2,The Lion King,4802,543638043,2019-07-19,Walt Disney Studios Motion Pictures,3,7,2019,prepan,113210.75447730112,11.637006444455047,0.11,3,D,Pre-Pandemic
6,The Little Mermaid,4320,298172056,2023-05-26,Walt Disney Studios Motion Pictures,2,5,2023,postpan,69021.30925925926,11.142170565745614,0.07,2,D,Post-Pandemic
58,The Long Walk,2845,35163573,2025-09-12,Lionsgate,3,9,2025,postpan,12359.779613356766,9.422202900218148,0.01,3,L,Post-Pandemic
17,The Lost City,4283,105344029,2022-03-25,Paramount Pictures,1,3,2022,postpan,24595.850805510156,10.110333041251993,0.02,1,P,Post-Pandemic
30,The Magnificent Seven,3696,93432655,2016-09-23,Sony Pictures Releasing,3,9,2016,prepan,25279.3979978355,10.13774503460049,0.03,3,S,Pre-Pandemic
30,The Marvels,4030,84500223,2023-11-10,Walt Disney Studios Motion Pictures,4,11,2023,postpan,20967.797270471463,9.950743076436446,0.02,4,D,Post-Pandemic
21,The Meg,4118,145443742,2018-08-10,Warner Bros.,3,8,2018,prepan,35319.02428363283,10.47217702929761,0.04,3,W,Pre-Pandemic
66,The Ministry of Ungentlemanly Warfare,2845,20535053,2024-04-19,Lionsgate,2,4,2024,postpan,7217.944815465729,8.884325539768371,0.01,2,L,Post-Pandemic
49,The Mule,3329,103804407,2018-12-14,Warner Bros.,4,12,2018,prepan,31181.858516070894,10.34759174686718,0.03,4,W,Pre-Pandemic
40,The Mummy,4035,80227895,2017-06-09,Universal Pictures,2,6,2017,prepan,19882.997521685254,9.897620249613164,0.02,2,U,Pre-Pandemic
79,The Nice Guys,2865,36261763,2016-05-20,Warner Bros.,2,5,2016,prepan,12656.810820244327,9.445950754030223,0.01,2,W,Pre-Pandemic
26,The Nun,3876,117450119,2018-09-07,Warner Bros.,3,9,2018,prepan,30301.888286893703,10.31896530925513,0.03,3,W,Pre-Pandemic
29,The Nun II,3743,86267073,2023-09-08,Warner Bros.,3,9,2023,postpan,23047.57493988779,10.045315834208315,0.02,3,W,Post-Pandemic
55,The Nutcracker and the Four Realms,3766,54858851,2018-11-02,Walt Disney Studios Motion Pictures,4,11,2018,prepan,14566.87493361657,9.586505389815645,0.01,4,D,Pre-Pandemic
38,The Purge: Election Year,2821,79213375,2016-07-01,Universal Pictures,3,7,2016,prepan,28079.891882311236,10.242809007787294,0.03,3,U,Pre-Pandemic
4,The Secret Life of Pets,4381,368623860,2016-07-08,Universal Pictures,3,7,2016,prepan,84141.488244693,11.34025504470728,0.08,3,U,Pre-Pandemic
16,The Secret Life of Pets 2,4564,158980250,2019-06-07,Universal Pictures,2,6,2019,prepan,34833.534180543385,10.458335827650885,0.03,2,U,Pre-Pandemic
49,The Shack,2888,57386418,2017-03-03,Lionsgate,1,3,2017,prepan,19870.643351800554,9.89699871306904,0.02,1,L,Pre-Pandemic
60,The Shallows,2962,55124043,2016-06-24,Sony Pictures Releasing,2,6,2016,prepan,18610.412896691425,9.831476536208626,0.02,2,S,Pre-Pandemic
86,The Spy Who Dumped Me,3111,33562069,2018-08-03,Lionsgate,3,8,2018,prepan,10788.19318547091,9.286207591540043,0.01,3,L,Pre-Pandemic
70,The Star,2976,40852824,2017-11-17,Sony Pictures Releasing,4,11,2017,prepan,13727.427419354839,9.52715111189482,0.01,4,S,Pre-Pandemic
47,The Strangers: Chapter 1,2856,35202562,2024-05-17,Lionsgate,2,5,2024,postpan,12325.827030812325,9.419452098551126,0.01,2,L,Post-Pandemic
2,The Super Mario Bros. Movie,4371,574934330,2023-04-05,Universal Pictures,2,4,2023,postpan,131533.82063601006,11.787019288680348,0.13,2,U,Post-Pandemic
53,The Unbearable Weight of Massive Talent,3036,20300157,2022-04-22,Lionsgate,2,4,2022,postpan,6686.481225296443,8.807843039456737,0.01,2,L,Post-Pandemic
74,The Watchers,3351,19071404,2024-06-07,Warner Bros.,2,6,2024,postpan,5691.25753506416,8.646686510621612,0.01,2,W,Post-Pandemic
16,The Wild Robot,3997,143901945,2024-09-27,Universal Pictures,3,9,2024,postpan,36002.488116087065,10.491343329385714,0.04,3,U,Post-Pandemic
74,The Woman in the Yard,2845,22405985,2025-03-28,Universal Pictures,1,3,2025,postpan,7875.565905096661,8.971520322076614,0.01,1,U,Post-Pandemic
8,Thor: Love and Thunder,4375,343256830,2022-07-08,Walt Disney Studios Motion Pictures,3,7,2022,postpan,78458.704,11.27032770165618,0.08,3,D,Post-Pandemic
7,Thor: Ragnarok,4080,315058289,2017-11-03,Walt Disney Studios Motion Pictures,4,11,2017,prepan,77220.16887254902,11.254415956717533,0.08,4,D,Pre-Pandemic
13,Thunderbolts*,4330,190274328,2025-05-02,Walt Disney Studios Motion Pictures,2,5,2025,postpan,43943.262817551964,10.690654599384567,0.04,2,D,Post-Pandemic
28,Ticket to Paradise,4066,68275985,2022-10-21,Universal Pictures,4,10,2022,postpan,16791.92941465814,9.72865365798152,0.02,4,U,Post-Pandemic
87,Titanic,2464,15096069,2023-02-10,Paramount Pictures,1,2,2023,postpan,6126.65137987013,8.720403612113884,0.01,1,P,Post-Pandemic
52,Tomb Raider,3854,58250803,2018-03-16,Warner Bros.,1,3,2018,prepan,15114.37545407369,9.62340158674848,0.02,1,W,Pre-Pandemic
1,Top Gun: Maverick,4751,718732821,2022-05-27,Paramount Pictures,2,5,2022,postpan,151280.32435276784,11.926889847385883,0.15,2,P,Post-Pandemic
3,Toy Story 4,4575,434038008,2019-06-21,Walt Disney Studios Motion Pictures,2,6,2019,prepan,94871.69573770491,11.460280686557367,0.09,2,D,Pre-Pandemic
36,Transformers One,3978,59098421,2024-09-20,Paramount Pictures,3,9,2024,postpan,14856.314982403217,9.606180305177404,0.01,3,P,Post-Pandemic
15,Transformers: Rise of the Beasts,3680,157341749,2023-06-09,Paramount Pictures,2,6,2023,postpan,42755.91005434783,10.663262711695015,0.04,2,P,Post-Pandemic
24,Transformers: The Last Knight,4132,130168683,2017-06-21,Paramount Pictures,2,6,2017,prepan,31502.585430784125,10.357824898613329,0.03,2,P,Pre-Pandemic
44,Trap,3181,42777281,2024-08-02,Warner Bros.,3,8,2024,postpan,13447.746306193021,9.50656681011225,0.01,3,W,Post-Pandemic
25,Trolls Band Together,3893,103270155,2023-11-17,Universal Pictures,4,11,2023,postpan,26527.139737991267,10.185923628955923,0.03,4,U,Post-Pandemic
28,Tron: Ares,4000,73161014,2025-10-10,Walt Disney Studios Motion Pictures,4,10,2025,postpan,18290.2535,9.814123601321667,0.02,4,D,Post-Pandemic
76,Truth or Dare,3068,41411015,2018-04-13,Universal Pictures,2,4,2018,prepan,13497.723272490222,9.510276303721898,0.01,2,U,Pre-Pandemic
8,Twisters,4170,267762265,2024-07-19,Universal Pictures,3,7,2024,postpan,64211.57434052758,11.069938759106542,0.06,3,U,Post-Pandemic
13,Uncharted,4275,148648820,2022-02-18,Sony Pictures Releasing,1,2,2022,postpan,34771.65380116959,10.45655778789636,0.03,1,S,Post-Pandemic
73,Uncle Drew,2742,42469946,2018-06-29,Lionsgate,2,6,2018,prepan,15488.674690007294,9.647864370680631,0.02,2,L,Pre-Pandemic
68,Unsung Hero,2832,20335239,2024-04-26,Lionsgate,2,4,2024,postpan,7180.5222457627115,8.879127395575773,0.01,2,L,Post-Pandemic
12,Us,3743,175084580,2019-03-22,Universal Pictures,1,3,2019,prepan,46776.53753673524,10.753137021510343,0.05,1,U,Pre-Pandemic
11,Venom,4250,213515506,2018-10-05,Sony Pictures Releasing,4,10,2018,prepan,50238.942588235295,10.824545753711892,0.05,4,S,Pre-Pandemic
17,Venom: The Last Dance,4131,139755882,2024-10-25,Sony Pictures Releasing,4,10,2024,postpan,33831.00508351489,10.42913297116242,0.03,4,S,Post-Pandemic
34,Violent Night,3723,50057405,2022-12-02,Universal Pictures,4,12,2022,postpan,13445.448562986838,9.506395930956915,0.01,4,U,Post-Pandemic
70,War Dogs,3258,43034523,2016-08-19,Warner Bros.,3,8,2016,prepan,13208.877532228362,9.488644422840899,0.01,3,W,Pre-Pandemic
66,Warcraft,3406,47365290,2016-06-10,Universal Pictures,2,6,2016,prepan,13906.42689371697,9.54010637871481,0.01,2,U,Pre-Pandemic
16,Weapons,3631,151572492,2025-08-08,Warner Bros.,3,8,2025,postpan,41744.007711374274,10.639311192106616,0.04,3,W,Post-Pandemic
54,What Men Want,2912,54611903,2019-02-08,Paramount Pictures,1,2,2019,prepan,18754.08756868132,9.839167011302216,0.02,1,P,Pre-Pandemic
22,Where the Crawdads Sing,3650,90230760,2022-07-15,Sony Pictures Releasing,3,7,2022,postpan,24720.75616438356,10.11539850027788,0.02,3,S,Post-Pandemic
3,Wicked,3888,474983975,2024-11-22,Universal Pictures,4,11,2024,postpan,122166.66023662551,11.71314145900738,0.12,4,U,Post-Pandemic
6,Wicked: For Good,4115,342915090,2025-11-17,Universal Pictures,4,11,2025,postpan,83332.95018226003,11.330599310352824,0.08,4,U,Post-Pandemic
42,Wish,3900,63973821,2023-11-22,Walt Disney Studios Motion Pictures,4,11,2023,postpan,16403.543846153847,9.705252678648714,0.02,4,D,Post-Pandemic
81,Wolf Man,3354,20707280,2025-01-17,Universal Pictures,1,1,2025,postpan,6173.905784138342,8.728086944844978,0.01,1,U,Post-Pandemic
26,Wonder,3519,132422809,2017-11-17,Lionsgate,4,11,2017,prepan,37630.80676328502,10.535578322722133,0.04,4,L,Pre-Pandemic
61,Wonder Park,3838,45216793,2019-03-15,Paramount Pictures,1,3,2019,prepan,11781.3426263679,9.374272425784588,0.01,1,P,Pre-Pandemic
3,Wonder Woman,4165,412563408,2017-06-02,Warner Bros.,2,6,2017,prepan,99054.83985594238,11.503428913688554,0.1,2,W,Pre-Pandemic
20,Wonka,4213,218402312,2023-12-15,Warner Bros.,4,12,2023,postpan,51840.09304533587,10.855919125880561,0.05,4,W,Post-Pandemic
38,Yesterday,2755,73286650,2019-06-28,Universal Pictures,2,6,2019,prepan,26601.32486388385,10.188716300442394,0.03,2,U,Pre-Pandemic
40,Zombieland: Double Tap,3468,73123082,2019-10-18,Sony Pictures Releasing,4,10,2019,prepan,21085.08708189158,9.956321296212046,0.02,4,S,Pre-Pandemic
92,Zoolander 2,3418,28848693,2016-02-12,Paramount Pictures,1,2,2016,prepan,8440.226155646576,9.040764382923728,0.01,1,P,Pre-Pandemic
7,Zootopia,3959,341268248,2016-03-04,Walt Disney Studios Motion Pictures,1,3,2016,prepan,86200.61833796413,11.364432629920303,0.09,1,D,Pre-Pandemic
5,Zootopia 2,4000,428130160,2025-11-26,Walt Disney Studios Motion Pictures,4,11,2025,postpan,107032.54,11.58088817936085,0.11,4,D,Post-Pandemic
63,xXx: Return of Xander Cage,3651,44898413,2017-01-20,Paramount Pictures,1,1,2017,prepan,12297.565872363735,9.417156625220608,0.01,1,P,Pre-Pandemic
